{"cameraMode":{"drawMode":0,"name":"Shaded","section":"Shading Mode"},"sceneLighting":true,"audioPlay":false,"sceneViewState":{"m_AlwaysRefresh":false,"showFog":true,"showSkybox":true,"showFlares":true,"showImageEffects":true,"showParticleSystems":true,"showVisualEffectGraphs":true,"m_FxEnabled":true},"in2DMode":false,"pivot":{"x":3.2121682167053224,"y":5.583272457122803,"z":-11.772614479064942},"rotation":{"x":0.30649811029434206,"y":0.3589755594730377,"z":-0.12610246241092683,"w":0.8725380301475525},"size":12.12435531616211,"orthographic":false}