{"cameraMode":{"drawMode":0,"name":"Shaded","section":"Shading Mode"},"sceneLighting":true,"audioPlay":false,"sceneViewState":{"m_AlwaysRefresh":false,"showFog":true,"showSkybox":true,"showFlares":true,"showImageEffects":true,"showParticleSystems":true,"showVisualEffectGraphs":true,"m_FxEnabled":true},"in2DMode":false,"pivot":{"x":3.2745437622070314,"y":16.773141860961915,"z":-22.180086135864259},"rotation":{"x":0.3451855182647705,"y":0.09438798576593399,"z":-0.03491996228694916,"w":0.9331384897232056},"size":1.4002703428268433,"orthographic":false}