{"cameraMode":{"drawMode":0,"name":"Shaded","section":"Shading Mode"},"sceneLighting":false,"audioPlay":false,"sceneViewState":{"m_AlwaysRefresh":false,"showFog":true,"showSkybox":true,"showFlares":true,"showImageEffects":true,"showParticleSystems":true,"showVisualEffectGraphs":true,"m_FxEnabled":true},"in2DMode":false,"pivot":{"x":8.252988815307618,"y":22.738080978393556,"z":-7.485145568847656},"rotation":{"x":0.45321330428123476,"y":-0.05447674170136452,"z":0.02778552658855915,"w":0.8893294334411621},"size":2.4930906295776369,"orthographic":false}