{"cameraMode":{"drawMode":0,"name":"Shaded","section":"Shading Mode"},"sceneLighting":true,"audioPlay":false,"sceneViewState":{"m_AlwaysRefresh":false,"showFog":true,"showSkybox":true,"showFlares":true,"showImageEffects":true,"showParticleSystems":true,"showVisualEffectGraphs":true,"m_FxEnabled":true},"in2DMode":false,"pivot":{"x":9.656146049499512,"y":12.929326057434082,"z":22.800498962402345},"rotation":{"x":-0.7100329399108887,"y":-0.12767378985881806,"z":0.13341015577316285,"w":-0.6795844435691834},"size":1.6965571641921998,"orthographic":false}